"","label","vacc","weighted.mean","var","mean.diff","sd.pooled","smd","characteristic","levels","vacc_type","data"
"1","Urban/Rural index: 2 Other Urban Areas","uv",0.38381260361259,0.236500775349832,-0.0146501878075409,0.487950437094779,-0.0300239259847108,"Urban/Rural index","2 Other Urban Areas","PB","Matched"
"2","Urban/Rural index: 2 Other Urban Areas","vacc",0.398462791420131,0.23969048277214,-0.0146501878075409,0.487950437094779,-0.0300239259847108,"Urban/Rural index","2 Other Urban Areas","PB","Matched"
"3","Urban/Rural index: 5 Accessible Rural","uv",0.0927646454839171,0.0841594679587099,0.00565735873622392,0.286076187999456,0.0197757065199522,"Urban/Rural index","5 Accessible Rural","PB","Matched"
"4","Urban/Rural index: 5 Accessible Rural","vacc",0.0871072867476932,0.0795197027218899,0.00565735873622392,0.286076187999456,0.0197757065199522,"Urban/Rural index","5 Accessible Rural","PB","Matched"
"5","Urban/Rural index: 1 Large Urban Areas","uv",0.306404740450259,0.212521132865485,0.000776585160527421,0.460836724554322,0.00168516335428445,"Urban/Rural index","1 Large Urban Areas","PB","Matched"
"6","Urban/Rural index: 1 Large Urban Areas","vacc",0.305628155289732,0.212219840530426,0.000776585160527421,0.460836724554322,0.00168516335428445,"Urban/Rural index","1 Large Urban Areas","PB","Matched"
"7","Urban/Rural index: 3 Accessible Small Towns","uv",0.100485701665318,0.09038843489485,0.00273454090251907,0.298818014863272,0.00915119158317913,"Urban/Rural index","3 Accessible Small Towns","PB","Matched"
"8","Urban/Rural index: 3 Accessible Small Towns","vacc",0.097751160762799,0.0881959771188029,0.00273454090251907,0.298818014863272,0.00915119158317913,"Urban/Rural index","3 Accessible Small Towns","PB","Matched"
"9","Urban/Rural index: 4 Remote Small Towns","uv",0.0532088689791768,0.050377746253804,0.00410839267960824,0.22030367879575,0.0186487701978742,"Urban/Rural index","4 Remote Small Towns","PB","Matched"
"10","Urban/Rural index: 4 Remote Small Towns","vacc",0.0491004762995686,0.046689675528078,0.00410839267960824,0.22030367879575,0.0186487701978742,"Urban/Rural index","4 Remote Small Towns","PB","Matched"
"11","Urban/Rural index: 6 Remote Rural","uv",0.058850352302668,0.0553870554154574,0.00155886680215763,0.233876347015486,0.00666534612007777,"Urban/Rural index","6 Remote Rural","PB","Matched"
"12","Urban/Rural index: 6 Remote Rural","vacc",0.0572914855005104,0.0540092359711585,0.00155886680215763,0.233876347015486,0.00666534612007777,"Urban/Rural index","6 Remote Rural","PB","Matched"
"13","Urban/Rural index: Unknown","uv",0.00447308750607059,0.00445308438736865,-0.000185556473495667,0.0674167299896324,-0.00275238021073112,"Urban/Rural index","Unknown","PB","Matched"
"14","Urban/Rural index: Unknown","vacc",0.00465864397956626,0.00463694657762134,-0.000185556473495667,0.0674167299896324,-0.00275238021073112,"Urban/Rural index","Unknown","PB","Matched"
"15","Smoker status: Unknown","uv",0.191133567586635,0.154601714166217,-0.0145160577667518,0.398722815407146,-0.0364063886134258,"Smoker status","Unknown","PB","Matched"
"16","Smoker status: Unknown","vacc",0.205649625353386,0.163358052886185,-0.0145160577667518,0.398722815407146,-0.0364063886134258,"Smoker status","Unknown","PB","Matched"
"17","Smoker status: Non Smoker","uv",0.394073942811489,0.238779959594199,-0.0047126987308056,0.489150336419708,-0.00963445873368865,"Smoker status","Non Smoker","PB","Matched"
"18","Smoker status: Non Smoker","vacc",0.398786641542294,0.239756143644829,-0.0047126987308056,0.489150336419708,-0.00963445873368865,"Smoker status","Non Smoker","PB","Matched"
"19","Smoker status: Smoker","uv",0.249046431615614,0.187022533018345,0.0173544586606977,0.427219819972573,0.0406218481666226,"Smoker status","Smoker","PB","Matched"
"20","Smoker status: Smoker","vacc",0.231691972954916,0.17801101613645,0.0173544586606977,0.427219819972573,0.0406218481666226,"Smoker status","Smoker","PB","Matched"
"21","Smoker status: Ex Smoker","uv",0.165746057986262,0.13827446971094,0.00187429783685944,0.371007035263563,0.00505191993334558,"Smoker status","Ex Smoker","PB","Matched"
"22","Smoker status: Ex Smoker","vacc",0.163871760149403,0.137017970719178,0.00187429783685944,0.371007035263563,0.00505191993334558,"Smoker status","Ex Smoker","PB","Matched"
"23","Sex: M","uv",0.38892911120449,0.23766354549541,-0.00124071819846272,0.487648010614691,-0.00254429049530781,"Sex","M","PB","Matched"
"24","Sex: M","vacc",0.390169829402952,0.237937619017521,-0.00124071819846272,0.487648010614691,-0.00254429049530781,"Sex","M","PB","Matched"
"25","No. risk groups: 0","uv",0.490334239878614,0.249906875742504,-0.0288814670921999,0.499768912481207,-0.0577896431148784,"No. risk groups","0","PB","Matched"
"26","No. risk groups: 0","vacc",0.519215706970814,0.249631056022793,-0.0288814670921999,0.499768912481207,-0.0577896431148784,"No. risk groups","0","PB","Matched"
"27","No. risk groups: 4","uv",0.0211721120687543,0.020723878838134,0.00414959009192523,0.136851479039718,0.0303218505276139,"No. risk groups","4","PB","Matched"
"28","No. risk groups: 4","vacc",0.0170225219768291,0.0167327757925829,0.00414959009192523,0.136851479039718,0.0303218505276139,"No. risk groups","4","PB","Matched"
"29","No. risk groups: 1","uv",0.297379760548066,0.208945291618976,0.00540608596466341,0.455889563111291,0.0118583235987433,"No. risk groups","1","PB","Matched"
"30","No. risk groups: 1","vacc",0.291973674583403,0.206725295888632,0.00540608596466341,0.455889563111291,0.0118583235987433,"No. risk groups","1","PB","Matched"
"31","No. risk groups: 2","uv",0.127108259476687,0.110951884223821,0.00933836338459849,0.32775917722592,0.0284915390123819,"No. risk groups","2","PB","Matched"
"32","No. risk groups: 2","vacc",0.117769896092089,0.103900272287803,0.00933836338459849,0.32775917722592,0.0284915390123819,"No. risk groups","2","PB","Matched"
"33","No. risk groups: 3","uv",0.0508597554382827,0.0482730991791805,0.00644910868559981,0.212968884216667,0.0302819292561007,"No. risk groups","3","PB","Matched"
"34","No. risk groups: 3","vacc",0.0444106467526829,0.0424383921098036,0.00644910868559981,0.212968884216667,0.0302819292561007,"No. risk groups","3","PB","Matched"
"35","No. risk groups: 5+","uv",0.0131458725895953,0.0129730743352623,0.00353831896541258,0.106038517260887,0.0333682425670592,"No. risk groups","5+","PB","Matched"
"36","No. risk groups: 5+","vacc",0.00960755362418273,0.00951525995051273,0.00353831896541258,0.106038517260887,0.0333682425670592,"No. risk groups","5+","PB","Matched"
"37","No. previous tests: 0","uv",0.764531703053607,0.180023196105595,-0.000419077725049122,0.424160639106115,-0.000988016535273747,"No. previous tests","0","PB","Matched"
"38","No. previous tests: 0","vacc",0.764950780778656,0.17980129942822,-0.000419077725049122,0.424160639106115,-0.000988016535273747,"No. previous tests","0","PB","Matched"
"39","No. previous tests: 4-9","uv",0.0226232766623024,0.0221114907947265,-0.000136190256407608,0.148917747526282,-0.00091453341639869,"No. previous tests","4-9","PB","Matched"
"40","No. previous tests: 4-9","vacc",0.02275946691871,0.0222415002618764,-0.000136190256407608,0.148917747526282,-0.00091453341639869,"No. previous tests","4-9","PB","Matched"
"41","No. previous tests: 2","uv",0.0366186623020747,0.035277778598318,0.000874004929506685,0.186741528296688,0.00468029225999531,"No. previous tests","2","PB","Matched"
"42","No. previous tests: 2","vacc",0.035744657372568,0.0344670181828476,0.000874004929506685,0.186741528296688,0.00468029225999531,"No. previous tests","2","PB","Matched"
"43","No. previous tests: 10+","uv",0.0243468567865141,0.0237541161195126,-0.00215727710032307,0.157409993077275,-0.0137048293958315,"No. previous tests","10+","PB","Matched"
"44","No. previous tests: 10+","vacc",0.0265041338868372,0.0258016957216631,-0.00215727710032307,0.157409993077275,-0.0137048293958315,"No. previous tests","10+","PB","Matched"
"45","No. previous tests: 1","uv",0.138652923182671,0.119428434714197,0.00147960699340366,0.344808188846218,0.00429110166540608,"No. previous tests","1","PB","Matched"
"46","No. previous tests: 1","vacc",0.137173316189268,0.118356939476621,0.00147960699340366,0.344808188846218,0.00429110166540608,"No. previous tests","1","PB","Matched"
"47","No. previous tests: 3","uv",0.0132265780128307,0.0130516514539415,0.000358933158869156,0.113476286640611,0.00316306754032167,"No. previous tests","3","PB","Matched"
"48","No. previous tests: 3","vacc",0.0128676448539616,0.0127020838055429,0.000358933158869156,0.113476286640611,0.00316306754032167,"No. previous tests","3","PB","Matched"
"49","Deprivation status: 3","uv",0.205192626295483,0.16308880992443,0.00640862353196148,0.401470997687168,0.0159628555210236,"Deprivation status","3","PB","Matched"
"50","Deprivation status: 3","vacc",0.198784002763521,0.159269114043431,0.00640862353196148,0.401470997687168,0.0159628555210236,"Deprivation status","3","PB","Matched"
"51","Deprivation status: 4","uv",0.209613694873594,0.165675994445952,-0.00407101184413683,0.408472611575208,-0.0099664254806158,"Deprivation status","4","PB","Matched"
"52","Deprivation status: 4","vacc",0.213684706717731,0.168023754368189,-0.00407101184413683,0.408472611575208,-0.0099664254806158,"Deprivation status","4","PB","Matched"
"53","Deprivation status: 5-Low","uv",0.193246428640734,0.155902435273067,-0.0099287418903444,0.398621154774822,-0.0249077144336533,"Deprivation status","5-Low","PB","Matched"
"54","Deprivation status: 5-Low","vacc",0.203175170531078,0.161895214794958,-0.0099287418903444,0.398621154774822,-0.0249077144336533,"Deprivation status","5-Low","PB","Matched"
"55","Deprivation status: 2","uv",0.1966969194361,0.158007432683033,0.000183465862414245,0.397431464662275,0.000461628931594906,"Deprivation status","2","PB","Matched"
"56","Deprivation status: 2","vacc",0.196513453573686,0.157896105524169,0.000183465862414245,0.397431464662275,0.000461628931594906,"Deprivation status","2","PB","Matched"
"57","Deprivation status: 1 - High","uv",0.190777243248018,0.154381473678629,0.00759322081360086,0.389877730518829,0.0194759028772846,"Deprivation status","1 - High","PB","Matched"
"58","Deprivation status: 1 - High","vacc",0.183184022434417,0.149627815830397,0.00759322081360086,0.389877730518829,0.0194759028772846,"Deprivation status","1 - High","PB","Matched"
"59","Deprivation status: NA","uv",0.00447308750607059,0.00445308438736865,-0.000185556473495667,0.0674167299896324,-0.00275238021073112,"Deprivation status","NA","PB","Matched"
"60","Deprivation status: NA","vacc",0.00465864397956626,0.00463694657762134,-0.000185556473495667,0.0674167299896324,-0.00275238021073112,"Deprivation status","NA","PB","Matched"
"61","BP status: Unknown","uv",0.130798510038855,0.11369039750258,-0.0145766103554269,0.344914294635688,-0.0422615431779169,"BP status","Unknown","PB","Matched"
"62","BP status: Unknown","vacc",0.145375120394282,0.124241343785489,-0.0145766103554269,0.344914294635688,-0.0422615431779169,"BP status","Unknown","PB","Matched"
"63","BP status: High","uv",0.113792360655175,0.100843781444716,0.000197732249200999,0.317438805930238,0.00062289879342746,"BP status","High","PB","Matched"
"64","BP status: High","vacc",0.113594628405974,0.100691009576115,0.000197732249200999,0.317438805930238,0.00062289879342746,"BP status","High","PB","Matched"
"65","BP status: Normal","uv",0.631064800403497,0.232822300065604,0.00307863240204787,0.482929664176424,0.00637490846063078,"BP status","Normal","PB","Matched"
"66","BP status: Normal","vacc",0.627986168001449,0.233619821017503,0.00307863240204787,0.482929664176424,0.00637490846063078,"BP status","Normal","PB","Matched"
"67","BP status: No Investigation","uv",0.0875466795739859,0.0798823552141693,0.00831374857445248,0.276439429500314,0.0300743949207255,"BP status","No Investigation","PB","Matched"
"68","BP status: No Investigation","vacc",0.0792329309995334,0.0729551611507486,0.00831374857445248,0.276439429500314,0.0300743949207255,"BP status","No Investigation","PB","Matched"
"69","BP status: Low","uv",0.0115006607538177,0.0113684093242197,0.00110627127726742,0.10405471590986,0.0106316303647953,"BP status","Low","PB","Matched"
"70","BP status: Low","vacc",0.0103943894765503,0.0102863584819439,0.00110627127726742,0.10405471590986,0.0106316303647953,"BP status","Low","PB","Matched"
"71","BP status: Very High","uv",0.0252969885746699,0.0246570808062533,0.0018802258524577,0.154151753447417,0.0121972394760925,"BP status","Very High","PB","Matched"
"72","BP status: Very High","vacc",0.0234167627222122,0.0228684453755729,0.0018802258524577,0.154151753447417,0.0121972394760925,"BP status","Very High","PB","Matched"
"73","BMI: Overweight","uv",0.628808256019964,0.233408715860388,-0.0110632114648835,0.481583307870219,-0.0229725808267942,"BMI","Overweight","PB","Matched"
"74","BMI: Overweight","vacc",0.639871467484848,0.230436248978056,-0.0110632114648835,0.481583307870219,-0.0229725808267942,"BMI","Overweight","PB","Matched"
"75","BMI: Obese","uv",0.232109853374509,0.178235085202722,0.0049074026686953,0.42060479841738,0.0116674909253544,"BMI","Obese","PB","Matched"
"76","BMI: Obese","vacc",0.227202450705813,0.175581707700727,0.0049074026686953,0.42060479841738,0.0116674909253544,"BMI","Obese","PB","Matched"
"77","BMI: Normal weight","uv",0.129174951148212,0.112488919379126,0.00448785633569077,0.332888324731343,0.0134815672472523,"BMI","Normal weight","PB","Matched"
"78","BMI: Normal weight","vacc",0.124687094812521,0.109140354105755,0.00448785633569077,0.332888324731343,0.0134815672472523,"BMI","Normal weight","PB","Matched"
"79","BMI: Underweight","uv",0.00990693945731497,0.00980880388731027,0.0016679524604971,0.0948153990079808,0.017591577717842,"BMI","Underweight","PB","Matched"
"80","BMI: Underweight","vacc",0.00823898699681787,0.00817111589077496,0.0016679524604971,0.0948153990079808,0.017591577717842,"BMI","Underweight","PB","Matched"
"81","Age (grouped): 65-79","uv",0.389457130959569,0.237780562079708,0.00570193286524751,0.486964060154937,0.0117091451542303,"Age (grouped)","65-79","PB","Matched"
"82","Age (grouped): 65-79","vacc",0.383755198094322,0.236487429685453,0.00570193286524751,0.486964060154937,0.0117091451542303,"Age (grouped)","65-79","PB","Matched"
"83","Age (grouped): 18-64","uv",0.582896683941127,0.243128434248194,-0.00629583775983023,0.492530922195604,-0.012782624351309,"Age (grouped)","18-64","PB","Matched"
"84","Age (grouped): 18-64","vacc",0.589192521700957,0.24204498438951,-0.00629583775983023,0.492530922195604,-0.012782624351309,"Age (grouped)","18-64","PB","Matched"
"85","Age (grouped): 80+","uv",0.0276461850993037,0.0268819061057684,0.000593904894582484,0.163098730860357,0.00364138268550341,"Age (grouped)","80+","PB","Matched"
"86","Age (grouped): 80+","vacc",0.0270522802047213,0.0263204859107497,0.000593904894582484,0.163098730860357,0.00364138268550341,"Age (grouped)","80+","PB","Matched"
"87","Urban/Rural index: 6 Remote Rural","uv",0.055760027361442,0.0526508772935632,-9.59165056273539e-05,0.229550609886582,-0.000417844699583874,"Urban/Rural index","6 Remote Rural","AZ","Matched"
"88","Urban/Rural index: 6 Remote Rural","vacc",0.0558559438670693,0.0527360877050404,-9.59165056273539e-05,0.229550609886582,-0.000417844699583874,"Urban/Rural index","6 Remote Rural","AZ","Matched"
"89","Urban/Rural index: 2 Other Urban Areas","uv",0.375815696855322,0.234578395106549,0.00173062972049803,0.484109470750815,0.00357487267872278,"Urban/Rural index","2 Other Urban Areas","AZ","Matched"
"90","Urban/Rural index: 2 Other Urban Areas","vacc",0.374085067134824,0.23414556423472,0.00173062972049803,0.484109470750815,0.00357487267872278,"Urban/Rural index","2 Other Urban Areas","AZ","Matched"
"91","Urban/Rural index: 3 Accessible Small Towns","uv",0.103191346879261,0.0925429465618137,0.00109354524664826,0.303493690032299,0.0036031893991993,"Urban/Rural index","3 Accessible Small Towns","AZ","Matched"
"92","Urban/Rural index: 3 Accessible Small Towns","vacc",0.102097801632613,0.0916738932170289,0.00109354524664826,0.303493690032299,0.0036031893991993,"Urban/Rural index","3 Accessible Small Towns","AZ","Matched"
"93","Urban/Rural index: 1 Large Urban Areas","uv",0.300245232475135,0.210098154887605,-0.00427936447168881,0.459286208917427,-0.00931742427401772,"Urban/Rural index","1 Large Urban Areas","AZ","Matched"
"94","Urban/Rural index: 1 Large Urban Areas","vacc",0.304524596946824,0.21178948851588,-0.00427936447168881,0.459286208917427,-0.00931742427401772,"Urban/Rural index","1 Large Urban Areas","AZ","Matched"
"95","Urban/Rural index: 5 Accessible Rural","uv",0.105601833192148,0.0944501408831676,0.00254779490245512,0.305682921897574,0.00833476363886895,"Urban/Rural index","5 Accessible Rural","AZ","Matched"
"96","Urban/Rural index: 5 Accessible Rural","vacc",0.103054038289693,0.0924339565965088,0.00254779490245512,0.305682921897574,0.00833476363886895,"Urban/Rural index","5 Accessible Rural","AZ","Matched"
"97","Urban/Rural index: 4 Remote Small Towns","uv",0.0549311197504453,0.0519137219865833,-0.000831728961307343,0.228655970464222,-0.00363746881228926,"Urban/Rural index","4 Remote Small Towns","AZ","Matched"
"98","Urban/Rural index: 4 Remote Small Towns","vacc",0.0557628487117527,0.0526533836712873,-0.000831728961307343,0.228655970464222,-0.00363746881228926,"Urban/Rural index","4 Remote Small Towns","AZ","Matched"
"99","Urban/Rural index: Unknown","uv",0.00445474348624618,0.00443490132264076,-0.00016495993097815,0.0672058990074317,-0.00245454541066266,"Urban/Rural index","Unknown","AZ","Matched"
"100","Urban/Rural index: Unknown","vacc",0.00461970341722433,0.00459836440015345,-0.00016495993097815,0.0672058990074317,-0.00245454541066266,"Urban/Rural index","Unknown","AZ","Matched"
"101","Smoker status: Non Smoker","uv",0.386629903437333,0.237147358954417,0.00247331968473591,0.486686653719066,0.00508195502349568,"Smoker status","Non Smoker","AZ","Matched"
"102","Smoker status: Non Smoker","vacc",0.384156583752597,0.236580438862107,0.00247331968473591,0.486686653719066,0.00508195502349568,"Smoker status","Non Smoker","AZ","Matched"
"103","Smoker status: Unknown","uv",0.195519393221668,0.157291651457479,-0.00470817271355062,0.398389402003464,-0.0118180169700139,"Smoker status","Unknown","AZ","Matched"
"104","Smoker status: Unknown","vacc",0.200227565935218,0.160136579799876,-0.00470817271355062,0.398389402003464,-0.0118180169700139,"Smoker status","Unknown","AZ","Matched"
"105","Smoker status: Ex Smoker","uv",0.170776464244577,0.14161194576227,0.00180243606892597,0.375522191379913,0.00479981239538107,"Smoker status","Ex Smoker","AZ","Matched"
"106","Smoker status: Ex Smoker","vacc",0.168974028175651,0.140421886675274,0.00180243606892597,0.375522191379913,0.00479981239538107,"Smoker status","Ex Smoker","AZ","Matched"
"107","Smoker status: Smoker","uv",0.247074239096422,0.186028667523492,0.000432416959888521,0.431183492265776,0.00100286065595012,"Smoker status","Smoker","AZ","Matched"
"108","Smoker status: Smoker","vacc",0.246641822136534,0.185809740481529,0.000432416959888521,0.431183492265776,0.00100286065595012,"Smoker status","Smoker","AZ","Matched"
"109","Sex: M","uv",0.472662837164782,0.249252824308774,-0.0130697556214926,0.499524478348668,-0.0261643947153475,"Sex","M","AZ","Matched"
"110","Sex: M","vacc",0.485732592786275,0.249796584630243,-0.0130697556214926,0.499524478348668,-0.0261643947153475,"Sex","M","AZ","Matched"
"111","No. risk groups: 0","uv",0.469103885955137,0.249045574791806,-0.00386834927678181,0.499156898165201,-0.00774976623783238,"No. risk groups","0","AZ","Matched"
"112","No. risk groups: 0","vacc",0.472972235231919,0.249269643180004,-0.00386834927678181,0.499156898165201,-0.00774976623783238,"No. risk groups","0","AZ","Matched"
"113","No. risk groups: 1","uv",0.304776152652737,0.211887772499073,0.00579014278580009,0.459064956580152,0.0126129052170183,"No. risk groups","1","AZ","Matched"
"114","No. risk groups: 1","vacc",0.298986009866937,0.209593496220801,0.00579014278580009,0.459064956580152,0.0126129052170183,"No. risk groups","1","AZ","Matched"
"115","No. risk groups: 5+","uv",0.0150131713515268,0.0147877846268835,-0.000492918623216796,0.122583531820656,-0.00402108354928094,"No. risk groups","5+","AZ","Matched"
"116","No. risk groups: 5+","vacc",0.0155060899747436,0.0152656599203681,-0.000492918623216796,0.122583531820656,-0.00402108354928094,"No. risk groups","5+","AZ","Matched"
"117","No. risk groups: 2","uv",0.134285103819256,0.116252682240395,0.000922271198024238,0.340462873269827,0.00270887450712816,"No. risk groups","2","AZ","Matched"
"118","No. risk groups: 2","vacc",0.133362832621232,0.115577253909897,0.000922271198024238,0.340462873269827,0.00270887450712816,"No. risk groups","2","AZ","Matched"
"119","No. risk groups: 3","uv",0.0536989220628219,0.0508153773490412,-0.00161798936173515,0.22701581235059,-0.00712720997265343,"No. risk groups","3","AZ","Matched"
"120","No. risk groups: 3","vacc",0.055316911424557,0.0522569807653558,-0.00161798936173515,0.22701581235059,-0.00712720997265343,"No. risk groups","3","AZ","Matched"
"121","No. risk groups: 4","uv",0.0231227641585206,0.0225881150567311,-0.000733156722090646,0.151451220461436,-0.00484087694940252,"No. risk groups","4","AZ","Matched"
"122","No. risk groups: 4","vacc",0.0238559208806112,0.023286829301786,-0.000733156722090646,0.151451220461436,-0.00484087694940252,"No. risk groups","4","AZ","Matched"
"123","No. previous tests: 0","uv",0.830652096515843,0.140669272779302,-0.00977303802676954,0.370661623061316,-0.0263664685490056,"No. previous tests","0","AZ","Matched"
"124","No. previous tests: 0","vacc",0.840425134542613,0.134110804841596,-0.00977303802676954,0.370661623061316,-0.0263664685490056,"No. previous tests","0","AZ","Matched"
"125","No. previous tests: 1","uv",0.117710078155499,0.103854475981744,0.00455808882121592,0.319533370942841,0.0142648287650409,"No. previous tests","1","AZ","Matched"
"126","No. previous tests: 1","vacc",0.113151989334283,0.100348674310447,0.00455808882121592,0.319533370942841,0.0142648287650409,"No. previous tests","1","AZ","Matched"
"127","No. previous tests: 2","uv",0.0267797638420698,0.0260626232291476,0.00161304018814244,0.159053445423758,0.0101414979338857,"No. previous tests","2","AZ","Matched"
"128","No. previous tests: 2","vacc",0.0251667236539274,0.0245333737731891,0.00161304018814244,0.159053445423758,0.0101414979338857,"No. previous tests","2","AZ","Matched"
"129","No. previous tests: 4-9","uv",0.0111904968569304,0.0110652760642219,0.00140516164253856,0.10186968160694,0.0137937178203846,"No. previous tests","4-9","AZ","Matched"
"130","No. previous tests: 4-9","vacc",0.00978533521439182,0.00968958799717698,0.00140516164253856,0.10186968160694,0.0137937178203846,"No. previous tests","4-9","AZ","Matched"
"131","No. previous tests: 10+","uv",0.00493851620562865,0.00491413011762928,0.00150778733377528,0.06454878408434,0.0233588804988982,"No. previous tests","10+","AZ","Matched"
"132","No. previous tests: 10+","vacc",0.00343072887185337,0.00341896093590422,0.00150778733377528,0.06454878408434,0.0233588804988982,"No. previous tests","10+","AZ","Matched"
"133","No. previous tests: 3","uv",0.00872904842402887,0.00865285716378122,0.000688960041097465,0.0911819804258317,0.00755587932922637,"No. previous tests","3","AZ","Matched"
"134","No. previous tests: 3","vacc",0.00804008838293141,0.00797544994497229,0.000688960041097465,0.0911819804258317,0.00755587932922637,"No. previous tests","3","AZ","Matched"
"135","Deprivation status: 3","uv",0.20609092487637,0.163617550598392,-0.000756166331022906,0.404770933332228,-0.00186813397097923,"Deprivation status","3","AZ","Matched"
"136","Deprivation status: 3","vacc",0.206847091207392,0.164061466342894,-0.000756166331022906,0.404770933332228,-0.00186813397097923,"Deprivation status","3","AZ","Matched"
"137","Deprivation status: 2","uv",0.196888053905518,0.158123239983963,0.00194450002669697,0.396902944592951,0.00489918266716609,"Deprivation status","2","AZ","Matched"
"138","Deprivation status: 2","vacc",0.194943553878821,0.156940654869147,0.00194450002669697,0.396902944592951,0.00489918266716609,"Deprivation status","2","AZ","Matched"
"139","Deprivation status: 4","uv",0.209988127536965,0.165893210189258,0.00232444240546781,0.406468192944392,0.00571863296025677,"Deprivation status","4","AZ","Matched"
"140","Deprivation status: 4","vacc",0.207663685131497,0.164539573561701,0.00232444240546781,0.406468192944392,0.00571863296025677,"Deprivation status","4","AZ","Matched"
"141","Deprivation status: 1 - High","uv",0.181351325115287,0.148463108231327,-0.000125612283967402,0.385361033437658,-0.000325960003913378,"Deprivation status","1 - High","AZ","Matched"
"142","Deprivation status: 1 - High","vacc",0.181476937399255,0.148543143952952,-0.000125612283967402,0.385361033437658,-0.000325960003913378,"Deprivation status","1 - High","AZ","Matched"
"143","Deprivation status: 5-Low","uv",0.201226825079614,0.160734683311667,-0.00322220388619657,0.402109686718492,-0.00801324611822237,"Deprivation status","5-Low","AZ","Matched"
"144","Deprivation status: 5-Low","vacc",0.204449028965811,0.16264971699402,-0.00322220388619657,0.402109686718492,-0.00801324611822237,"Deprivation status","5-Low","AZ","Matched"
"145","Deprivation status: NA","uv",0.00445474348624618,0.00443490132264076,-0.00016495993097815,0.0672058990074317,-0.00245454541066266,"Deprivation status","NA","AZ","Matched"
"146","Deprivation status: NA","vacc",0.00461970341722433,0.00459836440015345,-0.00016495993097815,0.0672058990074317,-0.00245454541066266,"Deprivation status","NA","AZ","Matched"
"147","BP status: Normal","uv",0.608296978074019,0.238271902946735,-0.0072004919789358,0.487305024269023,-0.0147761496810685,"BP status","Normal","AZ","Matched"
"148","BP status: Normal","vacc",0.615497470052955,0.236660470408931,-0.0072004919789358,0.487305024269023,-0.0147761496810685,"BP status","Normal","AZ","Matched"
"149","BP status: Unknown","uv",0.136441621130696,0.117825373597401,-0.00245864924751699,0.344552193141612,-0.00713578173773654,"BP status","Unknown","AZ","Matched"
"150","BP status: Unknown","vacc",0.138900270378213,0.119607053999988,-0.00245864924751699,0.344552193141612,-0.00713578173773654,"BP status","Unknown","AZ","Matched"
"151","BP status: No Investigation","uv",0.0846551482828261,0.0774886991631366,0.0108008077212095,0.270082038845281,0.0399908404401405,"BP status","No Investigation","AZ","Matched"
"152","BP status: No Investigation","vacc",0.0738543405616166,0.0683999162505111,0.0108008077212095,0.270082038845281,0.0399908404401405,"BP status","No Investigation","AZ","Matched"
"153","BP status: High","uv",0.130390099065163,0.113388586995037,-0.00244232103534572,0.338065542064763,-0.00722440098576461,"BP status","High","AZ","Matched"
"154","BP status: High","vacc",0.132832420100508,0.115188034468047,-0.00244232103534572,0.338065542064763,-0.00722440098576461,"BP status","High","AZ","Matched"
"155","BP status: Very High","uv",0.0296151715153917,0.0287381298247591,0.001045877400787,0.168064325962759,0.00622307794825388,"BP status","Very High","AZ","Matched"
"156","BP status: Very High","vacc",0.0285692941146047,0.027753105497874,0.001045877400787,0.168064325962759,0.00622307794825388,"BP status","Very High","AZ","Matched"
"157","BP status: Low","uv",0.0106009819319039,0.0104886072064011,0.000254777139802039,0.101803177574498,0.00250264427763659,"BP status","Low","AZ","Matched"
"158","BP status: Low","vacc",0.0103462047921019,0.0102391667221285,0.000254777139802039,0.101803177574498,0.00250264427763659,"BP status","Low","AZ","Matched"
"159","BMI: Overweight","uv",0.640336938628214,0.230305677430224,-0.000997310332367385,0.479755375001475,-0.00207878928373511,"BMI","Overweight","AZ","Matched"
"160","BMI: Overweight","vacc",0.641334248960581,0.230024762255388,-0.000997310332367385,0.479755375001475,-0.00207878928373511,"BMI","Overweight","AZ","Matched"
"161","BMI: Obese","uv",0.227552581852061,0.175772506446944,0.00164109695560083,0.418717143684339,0.00391934502886754,"BMI","Obese","AZ","Matched"
"162","BMI: Obese","vacc",0.22591148489646,0.174875586383398,0.00164109695560083,0.418717143684339,0.00391934502886754,"BMI","Obese","AZ","Matched"
"163","BMI: Normal weight","uv",0.122121111541168,0.107207607931626,-0.00063404532704163,0.327791090595382,-0.00193429701182538,"BMI","Normal weight","AZ","Matched"
"164","BMI: Normal weight","vacc",0.12275515686821,0.107686390215794,-0.00063404532704163,0.327791090595382,-0.00193429701182538,"BMI","Normal weight","AZ","Matched"
"165","BMI: Underweight","uv",0.00998936797855693,0.00988958625062595,-9.74129619158055e-06,0.0994703951621599,-9.79316124732387e-05,"BMI","Underweight","AZ","Matched"
"166","BMI: Underweight","vacc",0.00999910927474851,0.00989913277680652,-9.74129619158055e-06,0.0994703951621599,-9.79316124732387e-05,"BMI","Underweight","AZ","Matched"
"167","Age (grouped): 18-64","uv",0.676523240506955,0.218839672673472,-0.00670957496063218,0.466511271235156,-0.0143824498449258,"Age (grouped)","18-64","AZ","Matched"
"168","Age (grouped): 18-64","vacc",0.683232815467588,0.21642585970541,-0.00670957496063218,0.466511271235156,-0.0143824498449258,"Age (grouped)","18-64","AZ","Matched"
"169","Age (grouped): 80+","uv",0.105815070423397,0.0946182962572248,0.00258633505212211,0.305933745294439,0.00845390576195819,"Age (grouped)","80+","AZ","Matched"
"170","Age (grouped): 80+","vacc",0.103228735371274,0.0925726167625407,0.00258633505212211,0.305933745294439,0.00845390576195819,"Age (grouped)","80+","AZ","Matched"
"171","Age (grouped): 65-79","uv",0.217661689069648,0.170285177095219,0.0041232399085101,0.411232934903643,0.010026531336738,"Age (grouped)","65-79","AZ","Matched"
"172","Age (grouped): 65-79","vacc",0.213538449161138,0.167939876403709,0.0041232399085101,0.411232934903643,0.010026531336738,"Age (grouped)","65-79","AZ","Matched"
"173","Urban/Rural index: 1 Large Urban Areas","uv",0.434979927934326,0.245772512938333,0.132952232984384,0.477796883452494,0.278260988275373,"Urban/Rural index","1 Large Urban Areas","PB","Crude"
"174","Urban/Rural index: 1 Large Urban Areas","vacc",0.302027694949942,0.2108072107355,0.132952232984384,0.477796883452494,0.278260988275373,"Urban/Rural index","1 Large Urban Areas","PB","Crude"
"175","Urban/Rural index: 5 Accessible Rural","uv",0.0776610807017478,0.071629873009306,-0.00960501355471963,0.275027897097651,-0.0349237792096025,"Urban/Rural index","5 Accessible Rural","PB","Crude"
"176","Urban/Rural index: 5 Accessible Rural","vacc",0.0872660942564674,0.0796508153546059,-0.00960501355471963,0.275027897097651,-0.0349237792096025,"Urban/Rural index","5 Accessible Rural","PB","Crude"
"177","Urban/Rural index: 2 Other Urban Areas","uv",0.316869942455251,0.21646349010006,-0.0828827522339431,0.477710291889728,-0.173500034730412,"Urban/Rural index","2 Other Urban Areas","PB","Crude"
"178","Urban/Rural index: 2 Other Urban Areas","vacc",0.399752694689194,0.239950755854679,-0.0828827522339431,0.477710291889728,-0.173500034730412,"Urban/Rural index","2 Other Urban Areas","PB","Crude"
"179","Urban/Rural index: Unknown","uv",0.0139858156028652,0.0137902194495323,0.00882647519185632,0.0972701059302431,0.0907419099367095,"Urban/Rural index","Unknown","PB","Crude"
"180","Urban/Rural index: Unknown","vacc",0.00515934041100891,0.00513272756582914,0.00882647519185632,0.0972701059302431,0.0907419099367095,"Urban/Rural index","Unknown","PB","Crude"
"181","Urban/Rural index: 3 Accessible Small Towns","uv",0.0794254334058815,0.073117070440009,-0.0182126502213249,0.28392081712605,-0.0641469350704185,"Urban/Rural index","3 Accessible Small Towns","PB","Crude"
"182","Urban/Rural index: 3 Accessible Small Towns","vacc",0.0976380836272064,0.0881049903550391,-0.0182126502213249,0.28392081712605,-0.0641469350704185,"Urban/Rural index","3 Accessible Small Towns","PB","Crude"
"183","Urban/Rural index: 6 Remote Rural","uv",0.0382581705310449,0.0367945012882439,-0.0198272877080811,0.213899628884443,-0.0926943530079359,"Urban/Rural index","6 Remote Rural","PB","Crude"
"184","Urban/Rural index: 6 Remote Rural","vacc",0.0580854582391259,0.0547116011855613,-0.0198272877080811,0.213899628884443,-0.0926943530079359,"Urban/Rural index","6 Remote Rural","PB","Crude"
"185","Urban/Rural index: 4 Remote Small Towns","uv",0.0388196293688848,0.0373126843741931,-0.0112510044581707,0.206005224387229,-0.0546151413957451,"Urban/Rural index","4 Remote Small Towns","PB","Crude"
"186","Urban/Rural index: 4 Remote Small Towns","vacc",0.0500706338270555,0.0475636205754721,-0.0112510044581707,0.206005224387229,-0.0546151413957451,"Urban/Rural index","4 Remote Small Towns","PB","Crude"
"187","Smoker status: Non Smoker","uv",0.376605973418551,0.234774031415273,-0.0219623443838393,0.487075929940868,-0.0450901862190266,"Smoker status","Non Smoker","PB","Crude"
"188","Smoker status: Non Smoker","vacc",0.39856831780239,0.239711891640249,-0.0219623443838393,0.487075929940868,-0.0450901862190266,"Smoker status","Non Smoker","PB","Crude"
"189","Smoker status: Unknown","uv",0.383997562803931,0.236543552661026,0.178519761758389,0.447102010831315,0.399281947818708,"Smoker status","Unknown","PB","Crude"
"190","Smoker status: Unknown","vacc",0.205477801045543,0.163256863517785,0.178519761758389,0.447102010831315,0.399281947818708,"Smoker status","Unknown","PB","Crude"
"191","Smoker status: Smoker","uv",0.162004030330605,0.135758792267395,-0.0706680838516713,0.396418213907514,-0.178266490722241,"Smoker status","Smoker","PB","Crude"
"192","Smoker status: Smoker","vacc",0.232672114182276,0.178536008367852,-0.0706680838516713,0.396418213907514,-0.178266490722241,"Smoker status","Smoker","PB","Crude"
"193","Smoker status: Ex Smoker","uv",0.0773924334469147,0.0714028803415631,-0.0858893335228767,0.322508814000332,-0.266316236314672,"Smoker status","Ex Smoker","PB","Crude"
"194","Smoker status: Ex Smoker","vacc",0.163281766969791,0.136620989874238,-0.0858893335228767,0.322508814000332,-0.266316236314672,"Smoker status","Ex Smoker","PB","Crude"
"195","Sex: M","uv",0.541124767162904,0.248308877497256,0.157999704148723,0.492264867977515,0.320964818793325,"Sex","M","PB","Crude"
"196","Sex: M","vacc",0.383125063014181,0.236340522992584,0.157999704148723,0.492264867977515,0.320964818793325,"Sex","M","PB","Crude"
"197","No. risk groups: 0","uv",0.756797538397992,0.184055116165877,0.237573432735813,0.465663955669675,0.510182138521235,"No. risk groups","0","PB","Crude"
"198","No. risk groups: 0","vacc",0.519224105662179,0.249630723053982,0.237573432735813,0.465663955669675,0.510182138521235,"No. risk groups","0","PB","Crude"
"199","No. risk groups: 1","uv",0.196075805341782,0.157630162600963,-0.0956436387195875,0.426760830012246,-0.22411531704267,"No. risk groups","1","PB","Crude"
"200","No. risk groups: 1","vacc",0.29171944406137,0.206619449464519,-0.0956436387195875,0.426760830012246,-0.22411531704267,"No. risk groups","1","PB","Crude"
"201","No. risk groups: 2","uv",0.0355286454481548,0.0342663779086204,-0.0821256393423368,0.262752975507921,-0.312558360884712,"No. risk groups","2","PB","Crude"
"202","No. risk groups: 2","vacc",0.117654284790492,0.103811874367912,-0.0821256393423368,0.262752975507921,-0.312558360884712,"No. risk groups","2","PB","Crude"
"203","No. risk groups: 3","uv",0.00727458939671234,0.0072216733514932,-0.037363207986765,0.157903431249663,-0.236620621167437,"No. risk groups","3","PB","Crude"
"204","No. risk groups: 3","vacc",0.0446377973834774,0.0426453138493411,-0.037363207986765,0.157903431249663,-0.236620621167437,"No. risk groups","3","PB","Crude"
"205","No. risk groups: 4","uv",0.00252547768911245,0.00251910090922539,-0.0145089213902721,0.0981410939441825,-0.147837371759113,"No. risk groups","4","PB","Crude"
"206","No. risk groups: 4","vacc",0.0170343990793845,0.0167442477318963,-0.0145089213902721,0.0981410939441825,-0.147837371759113,"No. risk groups","4","PB","Crude"
"207","No. risk groups: 5+","uv",0.00179794372624708,0.00179471202068483,-0.00793202529685058,0.0755976848616196,-0.10492418268324,"No. risk groups","5+","PB","Crude"
"208","No. risk groups: 5+","vacc",0.00972996902309767,0.00963530789218868,-0.00793202529685058,0.0755976848616196,-0.10492418268324,"No. risk groups","5+","PB","Crude"
"209","No. previous tests: 1","uv",0.12228934098366,0.107334711654011,-0.0126902221411947,0.334734915737863,-0.0379112591622578,"No. previous tests","1","PB","Crude"
"210","No. previous tests: 1","vacc",0.134979563124854,0.116760215974058,-0.0126902221411947,0.334734915737863,-0.0379112591622578,"No. previous tests","1","PB","Crude"
"211","No. previous tests: 0","uv",0.838628351190908,0.135330907338145,0.0933899055291226,0.403230227122616,0.231604426571732,"No. previous tests","0","PB","Crude"
"212","No. previous tests: 0","vacc",0.745238445661785,0.189858324792567,0.0933899055291226,0.403230227122616,0.231604426571732,"No. previous tests","0","PB","Crude"
"213","No. previous tests: 2","uv",0.0230477023125527,0.0225165169724617,-0.0129517924151159,0.169145038793807,-0.0765721094007644,"No. previous tests","2","PB","Crude"
"214","No. previous tests: 2","vacc",0.0359994947276686,0.0347035713246553,-0.0129517924151159,0.169145038793807,-0.0765721094007644,"No. previous tests","2","PB","Crude"
"215","No. previous tests: 4-9","uv",0.00612414656298111,0.00608664443066941,-0.0218721125675565,0.129033221637594,-0.169507606568075,"No. previous tests","4-9","PB","Crude"
"216","No. previous tests: 4-9","vacc",0.0279962591305376,0.0272125001416835,-0.0218721125675565,0.129033221637594,-0.169507606568075,"No. previous tests","4-9","PB","Crude"
"217","No. previous tests: 10+","uv",0.00422732626580352,0.00420945808002351,-0.0379802966248873,0.149391506436051,-0.254233306370368,"No. previous tests","10+","PB","Crude"
"218","No. previous tests: 10+","vacc",0.0422076228906908,0.0404261863104416,-0.0379802966248873,0.149391506436051,-0.254233306370368,"No. previous tests","10+","PB","Crude"
"219","No. previous tests: 3","uv",0.00568313268409544,0.00565083750833252,-0.00789548178036804,0.0975835250548167,-0.0809099873767915,"No. previous tests","3","PB","Crude"
"220","No. previous tests: 3","vacc",0.0135786144644635,0.0133942512159155,-0.00789548178036804,0.0975835250548167,-0.0809099873767915,"No. previous tests","3","PB","Crude"
"221","Deprivation status: 3","uv",0.187993873629339,0.152652253322559,-0.0112607337937606,0.39509786576845,-0.0285011253398165,"Deprivation status","3","PB","Crude"
"222","Deprivation status: 3","vacc",0.1992546074231,0.15955239374701,-0.0112607337937606,0.39509786576845,-0.0285011253398165,"Deprivation status","3","PB","Crude"
"223","Deprivation status: 4","uv",0.185139342909067,0.150862841935159,-0.0283312638001617,0.399226717099802,-0.0709653502300027,"Deprivation status","4","PB","Crude"
"224","Deprivation status: 4","vacc",0.213470606709229,0.167901101357412,-0.0283312638001617,0.399226717099802,-0.0709653502300027,"Deprivation status","4","PB","Crude"
"225","Deprivation status: 2","uv",0.198570614429682,0.159140404966178,0.00140083481417586,0.398393301922149,0.00351621075810556,"Deprivation status","2","PB","Crude"
"226","Deprivation status: 2","vacc",0.197169779615506,0.158294041066686,0.00140083481417586,0.398393301922149,0.00351621075810556,"Deprivation status","2","PB","Crude"
"227","Deprivation status: 5-Low","uv",0.198289008255469,0.15897055682767,-0.00345951214258319,0.400010498846838,-0.00864855335686531,"Deprivation status","5-Low","PB","Crude"
"228","Deprivation status: 5-Low","vacc",0.201748520398053,0.161046241547723,-0.00345951214258319,0.400010498846838,-0.00864855335686531,"Deprivation status","5-Low","PB","Crude"
"229","Deprivation status: NA","uv",0.0139858156028652,0.0137902194495323,0.00882647519185632,0.0972701059302431,0.0907419099367095,"Deprivation status","NA","PB","Crude"
"230","Deprivation status: NA","vacc",0.00515934041100891,0.00513272756582914,0.00882647519185632,0.0972701059302431,0.0907419099367095,"Deprivation status","NA","PB","Crude"
"231","Deprivation status: 1 - High","uv",0.216021345173578,0.16935620815829,0.0328241997304743,0.399369711492329,0.0821900078696998,"Deprivation status","1 - High","PB","Crude"
"232","Deprivation status: 1 - High","vacc",0.183197145443104,0.149636124756642,0.0328241997304743,0.399369711492329,0.0821900078696998,"Deprivation status","1 - High","PB","Crude"
"233","BP status: No Investigation","uv",0.263025862388767,0.19384335488367,0.18372476064013,0.365277891821445,0.502972571715178,"BP status","No Investigation","PB","Crude"
"234","BP status: No Investigation","vacc",0.0793011017486363,0.0730125216233681,0.18372476064013,0.365277891821445,0.502972571715178,"BP status","No Investigation","PB","Crude"
"235","BP status: Unknown","uv",0.242964030628891,0.183932602283075,0.0981096382941968,0.392303672678231,0.25008595413958,"BP status","Unknown","PB","Crude"
"236","BP status: Unknown","vacc",0.144854392334694,0.123871740910583,0.0981096382941968,0.392303672678231,0.25008595413958,"BP status","Unknown","PB","Crude"
"237","BP status: Normal","uv",0.428489998207215,0.244886441910398,-0.200682989192266,0.488979064796616,-0.410412231606966,"BP status","Normal","PB","Crude"
"238","BP status: Normal","vacc",0.629172987399481,0.233314609708348,-0.200682989192266,0.488979064796616,-0.410412231606966,"BP status","Normal","PB","Crude"
"239","BP status: High","uv",0.0422389597828496,0.0404548502570505,-0.0706372566081385,0.265132176908762,-0.266422798740292,"BP status","High","PB","Crude"
"240","BP status: High","vacc",0.112876216390988,0.100135292207708,-0.0706372566081385,0.265132176908762,-0.266422798740292,"BP status","High","PB","Crude"
"241","BP status: Low","uv",0.0150380685449203,0.0148119324347558,0.00458611635109965,0.112148681021991,0.0408931813491446,"BP status","Low","PB","Crude"
"242","BP status: Low","vacc",0.0104519521938206,0.0103427208751889,0.00458611635109965,0.112148681021991,0.0408931813491446,"BP status","Low","PB","Crude"
"243","BP status: Very High","uv",0.00824308044735833,0.00817513615371574,-0.0151002694850209,0.124445973259631,-0.121339960542695,"BP status","Very High","PB","Crude"
"244","BP status: Very High","vacc",0.0233433499323793,0.0227984643673579,-0.0151002694850209,0.124445973259631,-0.121339960542695,"BP status","Very High","PB","Crude"
"245","BMI: Overweight","uv",0.778107704918723,0.172656190668051,0.14011910599486,0.449230233227127,0.311909340981548,"BMI","Overweight","PB","Crude"
"246","BMI: Overweight","vacc",0.637988598923863,0.230959414222547,0.14011910599486,0.449230233227127,0.311909340981548,"BMI","Overweight","PB","Crude"
"247","BMI: Obese","uv",0.0823392151889446,0.0755595065551397,-0.146177149956072,0.354863598350503,-0.411924893495813,"BMI","Obese","PB","Crude"
"248","BMI: Obese","vacc",0.228516365145017,0.176296840313394,-0.146177149956072,0.354863598350503,-0.411924893495813,"BMI","Obese","PB","Crude"
"249","BMI: Normal weight","uv",0.126504775849659,0.110501372708033,0.00132123799305639,0.331673121708426,0.00398355461018603,"BMI","Normal weight","PB","Crude"
"250","BMI: Normal weight","vacc",0.125183537856602,0.109512746619591,0.00132123799305639,0.331673121708426,0.00398355461018603,"BMI","Normal weight","PB","Crude"
"251","BMI: Underweight","uv",0.0130483040426742,0.0128780522340544,0.00473680596815582,0.102763025598671,0.0460944580072492,"BMI","Underweight","PB","Crude"
"252","BMI: Underweight","vacc",0.0083114980745184,0.00824242662633186,0.00473680596815582,0.102763025598671,0.0460944580072492,"BMI","Underweight","PB","Crude"
"253","Age (grouped): 18-64","uv",0.951469125727112,0.0461756515684631,0.355195625059017,0.378752784557978,0.937803336478561,"Age (grouped)","18-64","PB","Crude"
"254","Age (grouped): 18-64","vacc",0.596273500668095,0.240731692052381,0.355195625059017,0.378752784557978,0.937803336478561,"Age (grouped)","18-64","PB","Crude"
"255","Age (grouped): 80+","uv",0.0185530927597436,0.0182088846000056,-0.00876637957833456,0.14963628263935,-0.0585845853940592,"Age (grouped)","80+","PB","Crude"
"256","Age (grouped): 80+","vacc",0.0273194723380782,0.0265731495642411,-0.00876637957833456,0.14963628263935,-0.0585845853940592,"Age (grouped)","80+","PB","Crude"
"257","Age (grouped): 65-79","uv",0.0299777815131437,0.0290791286466968,-0.346429245480683,0.363183271699491,-0.953868948477697,"Age (grouped)","65-79","PB","Crude"
"258","Age (grouped): 65-79","vacc",0.376407026993827,0.234725049037996,-0.346429245480683,0.363183271699491,-0.953868948477697,"Age (grouped)","65-79","PB","Crude"
"259","Urban/Rural index: 1 Large Urban Areas","uv",0.434979927934326,0.245772512938333,0.132077328727719,0.477977639126376,0.276325329714427,"Urban/Rural index","1 Large Urban Areas","AZ","Crude"
"260","Urban/Rural index: 1 Large Urban Areas","vacc",0.302902599206607,0.211152734071315,0.132077328727719,0.477977639126376,0.276325329714427,"Urban/Rural index","1 Large Urban Areas","AZ","Crude"
"261","Urban/Rural index: 5 Accessible Rural","uv",0.0776610807017478,0.071629873009306,-0.0253345392868566,0.286371653219153,-0.0884673430560138,"Urban/Rural index","5 Accessible Rural","AZ","Crude"
"262","Urban/Rural index: 5 Accessible Rural","vacc",0.102995619988604,0.0923875745256352,-0.0253345392868566,0.286371653219153,-0.0884673430560138,"Urban/Rural index","5 Accessible Rural","AZ","Crude"
"263","Urban/Rural index: 2 Other Urban Areas","uv",0.316869942455251,0.21646349010006,-0.0574113956181441,0.474688550869366,-0.120945397804515,"Urban/Rural index","2 Other Urban Areas","AZ","Crude"
"264","Urban/Rural index: 2 Other Urban Areas","vacc",0.374281338073395,0.234194950552858,-0.0574113956181441,0.474688550869366,-0.120945397804515,"Urban/Rural index","2 Other Urban Areas","AZ","Crude"
"265","Urban/Rural index: Unknown","uv",0.0139858156028652,0.0137902194495323,0.00905978805988697,0.0966746709815521,0.0937141856072703,"Urban/Rural index","Unknown","AZ","Crude"
"266","Urban/Rural index: Unknown","vacc",0.00492602754297826,0.00490176456925041,0.00905978805988697,0.0966746709815521,0.0937141856072703,"Urban/Rural index","Unknown","AZ","Crude"
"267","Urban/Rural index: 3 Accessible Small Towns","uv",0.0794254334058815,0.073117070440009,-0.0225715145618917,0.286976212287816,-0.0786529112707575,"Urban/Rural index","3 Accessible Small Towns","AZ","Crude"
"268","Urban/Rural index: 3 Accessible Small Towns","vacc",0.101996947967773,0.0915936223981148,-0.0225715145618917,0.286976212287816,-0.0786529112707575,"Urban/Rural index","3 Accessible Small Towns","AZ","Crude"
"269","Urban/Rural index: 6 Remote Rural","uv",0.0382581705310449,0.0367945012882439,-0.0184471623775464,0.212466902932616,-0.086823698764023,"Urban/Rural index","6 Remote Rural","AZ","Crude"
"270","Urban/Rural index: 6 Remote Rural","vacc",0.0567053329085912,0.0534898683953116,-0.0184471623775464,0.212466902932616,-0.086823698764023,"Urban/Rural index","6 Remote Rural","AZ","Crude"
"271","Urban/Rural index: 4 Remote Small Towns","uv",0.0388196293688848,0.0373126843741931,-0.017372504943166,0.212540928688683,-0.0817372213923663,"Urban/Rural index","4 Remote Small Towns","AZ","Crude"
"272","Urban/Rural index: 4 Remote Small Towns","vacc",0.0561921343120508,0.0530346083615026,-0.017372504943166,0.212540928688683,-0.0817372213923663,"Urban/Rural index","4 Remote Small Towns","AZ","Crude"
"273","Smoker status: Non Smoker","uv",0.376605973418551,0.234774031415273,-0.00759079156308573,0.485470790078702,-0.0156359388004686,"Smoker status","Non Smoker","AZ","Crude"
"274","Smoker status: Non Smoker","vacc",0.384196764981636,0.236589744624005,-0.00759079156308573,0.485470790078702,-0.0156359388004686,"Smoker status","Non Smoker","AZ","Crude"
"275","Smoker status: Unknown","uv",0.383997562803931,0.236543552661026,0.184726565088146,0.445031296726656,0.415086683671166,"Smoker status","Unknown","AZ","Crude"
"276","Smoker status: Unknown","vacc",0.199270997715785,0.159562157471392,0.184726565088146,0.445031296726656,0.415086683671166,"Smoker status","Unknown","AZ","Crude"
"277","Smoker status: Smoker","uv",0.162004030330605,0.135758792267395,-0.0848422313259915,0.40104368977679,-0.211553587523625,"Smoker status","Smoker","AZ","Crude"
"278","Smoker status: Smoker","vacc",0.246846261656596,0.185913289952169,-0.0848422313259915,0.40104368977679,-0.211553587523625,"Smoker status","Smoker","AZ","Crude"
"279","Smoker status: Ex Smoker","uv",0.0773924334469147,0.0714028803415631,-0.0922935421990677,0.325803319024957,-0.283279932430639,"Smoker status","Ex Smoker","AZ","Crude"
"280","Smoker status: Ex Smoker","vacc",0.169685975645982,0.140892725033792,-0.0922935421990677,0.325803319024957,-0.283279932430639,"Smoker status","Ex Smoker","AZ","Crude"
"281","Sex: M","uv",0.541124767162904,0.248308877497256,0.0567931673129598,0.499030820717306,0.113806933269824,"Sex","M","AZ","Crude"
"282","Sex: M","vacc",0.484331599849945,0.249754642554319,0.0567931673129598,0.499030820717306,0.113806933269824,"Sex","M","AZ","Crude"
"283","No. risk groups: 0","uv",0.756797538397992,0.184055116165877,0.287306827179425,0.465362461095535,0.617382903002233,"No. risk groups","0","AZ","Crude"
"284","No. risk groups: 0","vacc",0.469490711218567,0.24906932422791,0.287306827179425,0.465362461095535,0.617382903002233,"No. risk groups","0","AZ","Crude"
"285","No. risk groups: 1","uv",0.196075805341782,0.157630162600963,-0.101575985732636,0.428185405657427,-0.2372243060846,"No. risk groups","1","AZ","Crude"
"286","No. risk groups: 1","vacc",0.297651791074418,0.209055320635068,-0.101575985732636,0.428185405657427,-0.2372243060846,"No. risk groups","1","AZ","Crude"
"287","No. risk groups: 3","uv",0.00727458939671234,0.0072216733514932,-0.0498539767535683,0.174766411114755,-0.285260631236704,"No. risk groups","3","AZ","Crude"
"288","No. risk groups: 3","vacc",0.0571285661502806,0.0538649235563696,-0.0498539767535683,0.174766411114755,-0.285260631236704,"No. risk groups","3","AZ","Crude"
"289","No. risk groups: 2","uv",0.0355286454481548,0.0342663779086204,-0.0999455992813748,0.27512489701911,-0.363273554535606,"No. risk groups","2","AZ","Crude"
"290","No. risk groups: 2","vacc",0.13547424472953,0.117121040010932,-0.0999455992813748,0.27512489701911,-0.363273554535606,"No. risk groups","2","AZ","Crude"
"291","No. risk groups: 5+","uv",0.00179794372624708,0.00179471202068483,-0.014031997988651,0.0932042796649981,-0.150551005158625,"No. risk groups","5+","AZ","Crude"
"292","No. risk groups: 5+","vacc",0.0158299417148981,0.0155793634750575,-0.014031997988651,0.0932042796649981,-0.150551005158625,"No. risk groups","5+","AZ","Crude"
"293","No. risk groups: 4","uv",0.00252547768911245,0.00251910090922539,-0.0218992674231943,0.114776503104305,-0.190799221364089,"No. risk groups","4","AZ","Crude"
"294","No. risk groups: 4","vacc",0.0244247451123068,0.0238281904204795,-0.0218992674231943,0.114776503104305,-0.190799221364089,"No. risk groups","4","AZ","Crude"
"295","No. previous tests: 1","uv",0.12228934098366,0.107334711654011,0.00758690846757773,0.323172209200425,0.0234763641538016,"No. previous tests","1","AZ","Crude"
"296","No. previous tests: 1","vacc",0.114702432516082,0.101545841944956,0.00758690846757773,0.323172209200425,0.0234763641538016,"No. previous tests","1","AZ","Crude"
"297","No. previous tests: 0","uv",0.838628351190908,0.135330907338145,0.0024298004818506,0.368986123953411,0.00658507278218784,"No. previous tests","0","AZ","Crude"
"298","No. previous tests: 0","vacc",0.836198550709057,0.136970612002179,0.0024298004818506,0.368986123953411,0.00658507278218784,"No. previous tests","0","AZ","Crude"
"299","No. previous tests: 2","uv",0.0230477023125527,0.0225165169724617,-0.00300830140375201,0.154747568184805,-0.0194400560799728,"No. previous tests","2","AZ","Crude"
"300","No. previous tests: 2","vacc",0.0260560037163047,0.0253771027457598,-0.00300830140375201,0.154747568184805,-0.0194400560799728,"No. previous tests","2","AZ","Crude"
"301","No. previous tests: 3","uv",0.00568313268409544,0.00565083750833252,-0.00285904946802296,0.0840239715090848,-0.0340265928481354,"No. previous tests","3","AZ","Crude"
"302","No. previous tests: 3","vacc",0.0085421821521184,0.00846921806798647,-0.00285904946802296,0.0840239715090848,-0.0340265928481354,"No. previous tests","3","AZ","Crude"
"303","No. previous tests: 4-9","uv",0.00612414656298111,0.00608664443066941,-0.00442839348716184,0.0909060896940153,-0.0487139365697893,"No. previous tests","4-9","AZ","Crude"
"304","No. previous tests: 4-9","vacc",0.010552540050143,0.0104411898562433,-0.00442839348716184,0.0909060896940153,-0.0487139365697893,"No. previous tests","4-9","AZ","Crude"
"305","No. previous tests: 10+","uv",0.00422732626580352,0.00420945808002351,0.000279035409508747,0.0638050239429158,0.00437325138782786,"No. previous tests","10+","AZ","Crude"
"306","No. previous tests: 10+","vacc",0.00394829085629477,0.00393270408068862,0.000279035409508747,0.0638050239429158,0.00437325138782786,"No. previous tests","10+","AZ","Crude"
"307","Deprivation status: 3","uv",0.187993873629339,0.152652253322559,-0.0192116157284386,0.39807268231337,-0.0482615778023041,"Deprivation status","3","AZ","Crude"
"308","Deprivation status: 3","vacc",0.207205489357777,0.164271467485763,-0.0192116157284386,0.39807268231337,-0.0482615778023041,"Deprivation status","3","AZ","Crude"
"309","Deprivation status: 4","uv",0.185139342909067,0.150862841935159,-0.0225527515126851,0.397126568856896,-0.0567898329683702,"Deprivation status","4","AZ","Crude"
"310","Deprivation status: 4","vacc",0.207692094421752,0.164556181448943,-0.0225527515126851,0.397126568856896,-0.0567898329683702,"Deprivation status","4","AZ","Crude"
"311","Deprivation status: 2","uv",0.198570614429682,0.159140404966178,0.00351950109427038,0.397584374896944,0.00885221179826962,"Deprivation status","2","AZ","Crude"
"312","Deprivation status: 2","vacc",0.195051113335412,0.157006265358209,0.00351950109427038,0.397584374896944,0.00885221179826962,"Deprivation status","2","AZ","Crude"
"313","Deprivation status: 5-Low","uv",0.198289008255469,0.15897055682767,-0.00528052279870389,0.400686676622263,-0.0131786832624883,"Deprivation status","5-Low","AZ","Crude"
"314","Deprivation status: 5-Low","vacc",0.203569531054173,0.162129068817518,-0.00528052279870389,0.400686676622263,-0.0131786832624883,"Deprivation status","5-Low","AZ","Crude"
"315","Deprivation status: NA","uv",0.0139858156028652,0.0137902194495323,0.00905978805988697,0.0966746709815521,0.0937141856072703,"Deprivation status","NA","AZ","Crude"
"316","Deprivation status: NA","vacc",0.00492602754297826,0.00490176456925041,0.00905978805988697,0.0966746709815521,0.0937141856072703,"Deprivation status","NA","AZ","Crude"
"317","Deprivation status: 1 - High","uv",0.216021345173578,0.16935620815829,0.0344656008856712,0.398716408140023,0.0864413908784195,"Deprivation status","1 - High","AZ","Crude"
"318","Deprivation status: 1 - High","vacc",0.181555744287907,0.148593340081873,0.0344656008856712,0.398716408140023,0.0864413908784195,"Deprivation status","1 - High","AZ","Crude"
"319","BP status: No Investigation","uv",0.263025862388767,0.19384335488367,0.189387804893549,0.361979894098433,0.523199790875814,"BP status","No Investigation","AZ","Crude"
"320","BP status: No Investigation","vacc",0.0736380574952174,0.0682155325793555,0.189387804893549,0.361979894098433,0.523199790875814,"BP status","No Investigation","AZ","Crude"
"321","BP status: Unknown","uv",0.242964030628891,0.183932602283075,0.105005836793725,0.389139049805027,0.269841427752718,"BP status","Unknown","AZ","Crude"
"322","BP status: Unknown","vacc",0.137958193835166,0.118925797883244,0.105005836793725,0.389139049805027,0.269841427752718,"BP status","Unknown","AZ","Crude"
"323","BP status: Normal","uv",0.428489998207215,0.244886441910398,-0.187980904224509,0.490571658669727,-0.38318745264301,"BP status","Normal","AZ","Crude"
"324","BP status: Normal","vacc",0.616470902431724,0.236434662669537,-0.187980904224509,0.490571658669727,-0.38318745264301,"BP status","Normal","AZ","Crude"
"325","BP status: High","uv",0.0422389597828496,0.0404548502570505,-0.0906806083608143,0.279022285867153,-0.324994141880082,"BP status","High","AZ","Crude"
"326","BP status: High","vacc",0.132919568143664,0.115252021764012,-0.0906806083608143,0.279022285867153,-0.324994141880082,"BP status","High","AZ","Crude"
"327","BP status: Low","uv",0.0150380685449203,0.0148119324347558,0.00470789569261678,0.111882524553105,0.0420789190396056,"BP status","Low","AZ","Crude"
"328","BP status: Low","vacc",0.0103301728523035,0.0102234661659965,0.00470789569261678,0.111882524553105,0.0420789190396056,"BP status","Low","AZ","Crude"
"329","BP status: Very High","uv",0.00824308044735833,0.00817513615371574,-0.0204400247945664,0.134230280922729,-0.152275810301946,"BP status","Very High","AZ","Crude"
"330","BP status: Very High","vacc",0.0286831052419248,0.0278604004794738,-0.0204400247945664,0.134230280922729,-0.152275810301946,"BP status","Very High","AZ","Crude"
"331","BMI: Overweight","uv",0.778107704918723,0.172656190668051,0.140488720078734,0.449286844023021,0.312692708339209,"BMI","Overweight","AZ","Crude"
"332","BMI: Overweight","vacc",0.637618984839989,0.231061145756281,0.140488720078734,0.449286844023021,0.312692708339209,"BMI","Overweight","AZ","Crude"
"333","BMI: Obese","uv",0.0823392151889446,0.0755595065551397,-0.147159010117121,0.35523822745741,-0.414254431935438,"BMI","Obese","AZ","Crude"
"334","BMI: Obese","vacc",0.229498225306066,0.176828889939026,-0.147159010117121,0.35523822745741,-0.414254431935438,"BMI","Obese","AZ","Crude"
"335","BMI: Normal weight","uv",0.126504775849659,0.110501372708033,0.00372526509144315,0.330307535599281,0.0112781716732086,"BMI","Normal weight","AZ","Crude"
"336","BMI: Normal weight","vacc",0.122779510758216,0.107704763439307,0.00372526509144315,0.330307535599281,0.0112781716732086,"BMI","Normal weight","AZ","Crude"
"337","BMI: Underweight","uv",0.0130483040426742,0.0128780522340544,0.00294502494694486,0.106956207720236,0.0275348669302872,"BMI","Underweight","AZ","Crude"
"338","BMI: Underweight","vacc",0.0101032790957294,0.0100012085057342,0.00294502494694486,0.106956207720236,0.0275348669302872,"BMI","Underweight","AZ","Crude"
"339","Age (grouped): 18-64","uv",0.951469125727112,0.0461756515684631,0.270632255548251,0.362955783051892,0.745634229251443,"Age (grouped)","18-64","AZ","Crude"
"340","Age (grouped): 18-64","vacc",0.680836870178861,0.217298149333161,0.270632255548251,0.362955783051892,0.745634229251443,"Age (grouped)","18-64","AZ","Crude"
"341","Age (grouped): 80+","uv",0.0185530927597436,0.0182088846000056,-0.0857258066301328,0.236234785734261,-0.362883926529623,"Age (grouped)","80+","AZ","Crude"
"342","Age (grouped): 80+","vacc",0.104278899389876,0.093404863381819,-0.0857258066301328,0.236234785734261,-0.362883926529623,"Age (grouped)","80+","AZ","Crude"
"343","Age (grouped): 65-79","uv",0.0299777815131437,0.0290791286466968,-0.184906448918119,0.314474340807715,-0.587985806546867,"Age (grouped)","65-79","AZ","Crude"
"344","Age (grouped): 65-79","vacc",0.214884230431262,0.168709093406196,-0.184906448918119,0.314474340807715,-0.587985806546867,"Age (grouped)","65-79","AZ","Crude"
